{
    "boss.mtl.bgm":{"sounds":[{"name":"boss.mtl","volume":0.1,"stream":true}]},
    "message":{"sounds":[{"name":"message","volume":1.0}]},
    "boss.scl.bgm.intro":{"sounds":[{"name":"boss.scl.intro","volume":0.1,"stream":true}]},
    "boss.scl.bgm":{"sounds":[{"name":"boss.scl","volume":0.1,"stream":true}]},
    "beuwolf_remnant.back":{"sounds":[{"name":"beuwolf_remnant.back","volume":0.6,"stream":true}]},
    "thx_for_playing":{"sounds":[{"name":"thx_for_playing","volume":0.6}]},
    "jex_dance":{"sounds":[{"name":"jex_dance","volume":0.6,"stream":true}]},
    "secret_tape":{"sounds":[{"name":"secret_tape","volume":3.5,"stream":true}]}
}