{
	"credit": "Made with Blockbench",
	"texture_size": [32, 32],
	"textures": {
		"6": "item/beuwolf"
	},
	"elements": [
		{
			"from": [7.25, -3.5, 7.25],
			"to": [8.75, 2.5, 8.75],
			"rotation": {"angle": 0, "axis": "y", "origin": [8.25, -4.5, 8.25]},
			"faces": {
				"north": {"uv": [2, 8, 3, 11], "texture": "#6"},
				"east": {"uv": [3, 8, 4, 11], "texture": "#6"},
				"south": {"uv": [4, 8, 5, 11], "texture": "#6"},
				"west": {"uv": [8.5, 4, 9.5, 7], "texture": "#6"},
				"up": {"uv": [13.5, 12.5, 12.5, 11.5], "texture": "#6"},
				"down": {"uv": [13, 12.5, 12, 13.5], "texture": "#6"}
			}
		},
		{
			"from": [7, -4, 7],
			"to": [9, 1, 9],
			"rotation": {"angle": 0, "axis": "y", "origin": [8, -6, 8]},
			"faces": {
				"north": {"uv": [9.5, 4, 10.5, 6.5], "texture": "#6"},
				"east": {"uv": [9.5, 8, 10.5, 10.5], "texture": "#6"},
				"south": {"uv": [0, 10, 1, 12.5], "texture": "#6"},
				"west": {"uv": [1, 10, 2, 12.5], "texture": "#6"},
				"up": {"uv": [14, 2, 13, 1], "texture": "#6"},
				"down": {"uv": [14, 4, 13, 5], "texture": "#6"}
			}
		},
		{
			"from": [7, -5, 7],
			"to": [9, -3, 9],
			"rotation": {"angle": 45, "axis": "z", "origin": [8, -4, 8]},
			"faces": {
				"north": {"uv": [12, 10.5, 13, 11.5], "texture": "#6"},
				"east": {"uv": [0, 12.5, 1, 13.5], "texture": "#6"},
				"south": {"uv": [1, 12.5, 2, 13.5], "texture": "#6"},
				"west": {"uv": [9, 12.5, 10, 13.5], "texture": "#6"},
				"up": {"uv": [11, 13.5, 10, 12.5], "texture": "#6"},
				"down": {"uv": [12, 12.5, 11, 13.5], "texture": "#6"}
			}
		},
		{
			"from": [4.5, 2, 4.5],
			"to": [11.5, 3.5, 11.5],
			"rotation": {"angle": 0, "axis": "y", "origin": [9, 2.75, 7]},
			"faces": {
				"north": {"uv": [8.5, 0, 12, 1], "texture": "#6"},
				"east": {"uv": [8.5, 1, 12, 2], "texture": "#6"},
				"south": {"uv": [8.5, 2, 12, 3], "texture": "#6"},
				"west": {"uv": [8.5, 3, 12, 4], "texture": "#6"},
				"up": {"uv": [8.5, 3.5, 5, 0], "texture": "#6"},
				"down": {"uv": [8.5, 3.5, 5, 7], "texture": "#6"}
			}
		},
		{
			"from": [5.5, 1.86575, 4.17493],
			"to": [10.5, 3.36575, 5.17493],
			"rotation": {"angle": 22.5, "axis": "x", "origin": [8, 2.61575, 4.67493]},
			"faces": {
				"north": {"uv": [10.5, 5, 13, 6], "texture": "#6"},
				"east": {"uv": [7.5, 13, 8, 14], "texture": "#6"},
				"south": {"uv": [10.5, 6, 13, 7], "texture": "#6"},
				"west": {"uv": [8, 13, 8.5, 14], "texture": "#6"},
				"up": {"uv": [13, 10.5, 10.5, 10], "texture": "#6"},
				"down": {"uv": [14.5, 2.5, 12, 3], "texture": "#6"}
			}
		},
		{
			"from": [5.5, 1.86575, 10.82507],
			"to": [10.5, 3.36575, 11.82507],
			"rotation": {"angle": -22.5, "axis": "x", "origin": [8, 2.61575, 11.32507]},
			"faces": {
				"north": {"uv": [10.5, 8, 13, 9], "texture": "#6"},
				"east": {"uv": [13, 8, 13.5, 9], "texture": "#6"},
				"south": {"uv": [10.5, 9, 13, 10], "texture": "#6"},
				"west": {"uv": [8.5, 13, 9, 14], "texture": "#6"},
				"up": {"uv": [14.5, 3.5, 12, 3], "texture": "#6"},
				"down": {"uv": [14.5, 3.5, 12, 4], "texture": "#6"}
			}
		},
		{
			"from": [4.17493, 1.86575, 5.5],
			"to": [5.17493, 3.36575, 10.5],
			"rotation": {"angle": -22.5, "axis": "z", "origin": [4.67493, 2.61575, 8]},
			"faces": {
				"north": {"uv": [9, 8, 9.5, 9], "texture": "#6"},
				"east": {"uv": [7, 10, 9.5, 11], "texture": "#6"},
				"south": {"uv": [7, 13, 7.5, 14], "texture": "#6"},
				"west": {"uv": [10.5, 4, 13, 5], "texture": "#6"},
				"up": {"uv": [5, 13.5, 4.5, 11], "texture": "#6"},
				"down": {"uv": [3.5, 12, 3, 14.5], "texture": "#6"}
			}
		},
		{
			"from": [10.82507, 1.86575, 5.5],
			"to": [11.82507, 3.36575, 10.5],
			"rotation": {"angle": 22.5, "axis": "z", "origin": [11.32507, 2.61575, 8]},
			"faces": {
				"north": {"uv": [13, 9, 13.5, 10], "texture": "#6"},
				"east": {"uv": [9.5, 10.5, 12, 11.5], "texture": "#6"},
				"south": {"uv": [13, 10, 13.5, 11], "texture": "#6"},
				"west": {"uv": [2, 11, 4.5, 12], "texture": "#6"},
				"up": {"uv": [4, 14.5, 3.5, 12], "texture": "#6"},
				"down": {"uv": [4.5, 12, 4, 14.5], "texture": "#6"}
			}
		},
		{
			"from": [5.5, 3, 7],
			"to": [10.5, 18.5, 9],
			"rotation": {"angle": 0, "axis": "y", "origin": [1.5, 4.5, 7]},
			"faces": {
				"north": {"uv": [0, 0, 2.5, 8], "texture": "#6"},
				"east": {"uv": [5, 7, 6, 15], "texture": "#6"},
				"south": {"uv": [2.5, 0, 5, 8], "texture": "#6"},
				"west": {"uv": [6, 7, 7, 15], "texture": "#6"},
				"up": {"uv": [9.5, 10, 7, 9], "texture": "#6"},
				"down": {"uv": [11.5, 7, 9, 8], "texture": "#6"}
			}
		},
		{
			"from": [6.44975, 17.25736, 7.0025],
			"to": [9.98528, 20.79289, 8.9975],
			"rotation": {"angle": 45, "axis": "z", "origin": [8.74264, 18.5, 8.5075]},
			"faces": {
				"north": {"uv": [7, 7, 9, 9], "texture": "#6"},
				"east": {"uv": [7, 11, 8, 13], "texture": "#6"},
				"south": {"uv": [0, 8, 2, 10], "texture": "#6"},
				"west": {"uv": [8, 11, 9, 13], "texture": "#6"},
				"up": {"uv": [13.5, 8, 11.5, 7], "texture": "#6"},
				"down": {"uv": [11, 11.5, 9, 12.5], "texture": "#6"}
			}
		},
		{
			"from": [7, 17.41421, 6.75],
			"to": [8.5, 18.91421, 9.25],
			"rotation": {"angle": 45, "axis": "z", "origin": [8, 18.41421, 7.75]},
			"faces": {
				"north": {"uv": [13, 5, 14, 6], "texture": "#6"},
				"east": {"uv": [11, 11.5, 12.5, 12.5], "texture": "#6"},
				"south": {"uv": [13, 6, 14, 7], "texture": "#6"},
				"west": {"uv": [12, 0, 13.5, 1], "texture": "#6"},
				"up": {"uv": [13, 2.5, 12, 1], "texture": "#6"},
				"down": {"uv": [3, 12, 2, 13.5], "texture": "#6"}
			}
		}
	],
	"gui_light": "front",
	"display": {
		"thirdperson_righthand": {
			"rotation": [0, 90, 0],
			"translation": [0, 6.5, 1.75],
			"scale": [0.8, 0.8, 0.8]
		},
		"thirdperson_lefthand": {
			"rotation": [0, 90, 0],
			"translation": [0, 6.5, 1.75],
			"scale": [0.8, 0.8, 0.8]
		},
		"firstperson_righthand": {
			"rotation": [178.62, 70.91, -167.03],
			"translation": [1, 5.5, 0.75],
			"scale": [0.7, 0.7, 0.7]
		},
		"firstperson_lefthand": {
			"rotation": [178.62, 70.91, -167.03],
			"translation": [1, 5.5, 0.75],
			"scale": [0.7, 0.7, 0.7]
		},
		"ground": {
			"rotation": [-40, 0, 0],
			"translation": [0, 9.25, 0]
		},
		"gui": {
			"rotation": [0, 0, -40],
			"translation": [0, 0.25, 0],
			"scale": [0.75, 0.75, 0.75]
		},
		"fixed": {
			"rotation": [0, 0, 40],
			"scale": [0.8, 0.8, 0.8]
		}
	},
	"groups": [
		{
			"name": "group",
			"origin": [8, -6, 8],
			"color": 0,
			"nbt": "{}",
			"children": [0, 1, 2]
		},
		{
			"name": "group",
			"origin": [10, 2.75, 8],
			"color": 0,
			"nbt": "{}",
			"children": [3, 4, 5, 6, 7]
		},
		8,
		9,
		10
	]
}