{
	"credit": "Made with Blockbench",
	"texture_size": [64, 64],
	"textures": {
		"1": "item/scylla",
		"particle": "item/scylla"
	},
	"elements": [
		{
			"from": [7.25, -3.5, 7.25],
			"to": [8.75, 2.5, 8.75],
			"rotation": {"angle": 0, "axis": "y", "origin": [8.25, -4.5, 8.25]},
			"faces": {
				"north": {"uv": [5, 2.5, 5.5, 4], "texture": "#1", "tintindex": 0},
				"east": {"uv": [2.75, 5, 3.25, 6.5], "texture": "#1", "tintindex": 0},
				"south": {"uv": [3.25, 5, 3.75, 6.5], "texture": "#1", "tintindex": 0},
				"west": {"uv": [3.75, 5, 4.25, 6.5], "texture": "#1", "tintindex": 0},
				"up": {"uv": [4.25, 8, 3.75, 7.5], "texture": "#1", "tintindex": 0},
				"down": {"uv": [5.5, 7.5, 5, 8], "texture": "#1", "tintindex": 0}
			}
		},
		{
			"from": [7, -4, 7],
			"to": [9, 1, 9],
			"rotation": {"angle": 0, "axis": "y", "origin": [8, -6, 8]},
			"faces": {
				"north": {"uv": [0, 6, 0.5, 7.25], "texture": "#1", "tintindex": 0},
				"east": {"uv": [6, 0, 6.5, 1.25], "texture": "#1", "tintindex": 0},
				"south": {"uv": [0.5, 6, 1, 7.25], "texture": "#1", "tintindex": 0},
				"west": {"uv": [1, 6, 1.5, 7.25], "texture": "#1", "tintindex": 0},
				"up": {"uv": [8, 5.5, 7.5, 5], "texture": "#1", "tintindex": 0},
				"down": {"uv": [6, 7.5, 5.5, 8], "texture": "#1", "tintindex": 0}
			}
		},
		{
			"from": [7, -5, 7],
			"to": [9, -3, 9],
			"rotation": {"angle": 45, "axis": "z", "origin": [8, -4, 8]},
			"faces": {
				"north": {"uv": [7.5, 5.5, 8, 6], "texture": "#1", "tintindex": 0},
				"east": {"uv": [6, 7.5, 6.5, 8], "texture": "#1", "tintindex": 0},
				"south": {"uv": [6.5, 7.5, 7, 8], "texture": "#1", "tintindex": 0},
				"west": {"uv": [7, 7.5, 7.5, 8], "texture": "#1", "tintindex": 0},
				"up": {"uv": [8, 8, 7.5, 7.5], "texture": "#1", "tintindex": 0},
				"down": {"uv": [0.5, 7.75, 0, 8.25], "texture": "#1", "tintindex": 0}
			}
		},
		{
			"from": [4.5, 2, 4.5],
			"to": [11.5, 3.5, 11.5],
			"rotation": {"angle": 0, "axis": "y", "origin": [9, 2.75, 7]},
			"faces": {
				"north": {"uv": [4.25, 2, 6, 2.5], "texture": "#1", "tintindex": 0},
				"east": {"uv": [3, 4.5, 4.75, 5], "texture": "#1", "tintindex": 0},
				"south": {"uv": [4.75, 4.5, 6.5, 5], "texture": "#1", "tintindex": 0},
				"west": {"uv": [1, 5, 2.75, 5.5], "texture": "#1", "tintindex": 0},
				"up": {"uv": [1.75, 1.75, 0, 0], "texture": "#1", "tintindex": 0},
				"down": {"uv": [1.75, 1.75, 0, 3.5], "texture": "#1", "tintindex": 0}
			}
		},
		{
			"from": [5.5, 1.86575, 4.17493],
			"to": [10.5, 3.36575, 5.17493],
			"rotation": {"angle": 22.5, "axis": "x", "origin": [8, 2.61575, 4.67493]},
			"faces": {
				"north": {"uv": [1.25, 5.5, 2.5, 6], "texture": "#1", "tintindex": 0},
				"east": {"uv": [4.25, 7.5, 4.5, 8], "texture": "#1", "tintindex": 0},
				"south": {"uv": [5.5, 2.5, 6.75, 3], "texture": "#1", "tintindex": 0},
				"west": {"uv": [7.75, 0.5, 8, 1], "texture": "#1", "tintindex": 0},
				"up": {"uv": [8.5, 4.5, 7.25, 4.25], "texture": "#1", "tintindex": 0},
				"down": {"uv": [8.75, 1.25, 7.5, 1.5], "texture": "#1", "tintindex": 0}
			}
		},
		{
			"from": [5.5, 1.86575, 10.82507],
			"to": [10.5, 3.36575, 11.82507],
			"rotation": {"angle": -22.5, "axis": "x", "origin": [8, 2.61575, 11.32507]},
			"faces": {
				"north": {"uv": [5.75, 5, 7, 5.5], "texture": "#1", "tintindex": 0},
				"east": {"uv": [7.75, 2.5, 8, 3], "texture": "#1", "tintindex": 0},
				"south": {"uv": [5.75, 5.5, 7, 6], "texture": "#1", "tintindex": 0},
				"west": {"uv": [7.75, 3.5, 8, 4], "texture": "#1", "tintindex": 0},
				"up": {"uv": [8.75, 4.75, 7.5, 4.5], "texture": "#1", "tintindex": 0},
				"down": {"uv": [8.75, 4.75, 7.5, 5], "texture": "#1", "tintindex": 0}
			}
		},
		{
			"from": [4.17493, 1.86575, 5.5],
			"to": [5.17493, 3.36575, 10.5],
			"rotation": {"angle": -22.5, "axis": "z", "origin": [4.67493, 2.61575, 8]},
			"faces": {
				"north": {"uv": [1, 7.75, 1.25, 8.25], "texture": "#1", "tintindex": 0},
				"east": {"uv": [5.5, 3, 6.75, 3.5], "texture": "#1", "tintindex": 0},
				"south": {"uv": [1.25, 7.75, 1.5, 8.25], "texture": "#1", "tintindex": 0},
				"west": {"uv": [5.5, 3.5, 6.75, 4], "texture": "#1", "tintindex": 0},
				"up": {"uv": [3, 8.75, 2.75, 7.5], "texture": "#1", "tintindex": 0},
				"down": {"uv": [3.75, 7.5, 3.5, 8.75], "texture": "#1", "tintindex": 0}
			}
		},
		{
			"from": [10.82507, 1.86575, 5.5],
			"to": [11.82507, 3.36575, 10.5],
			"rotation": {"angle": 22.5, "axis": "z", "origin": [11.32507, 2.61575, 8]},
			"faces": {
				"north": {"uv": [2.5, 5.5, 2.75, 6], "texture": "#1", "tintindex": 0},
				"east": {"uv": [5, 4, 6.25, 4.5], "texture": "#1", "tintindex": 0},
				"south": {"uv": [2.5, 6, 2.75, 6.5], "texture": "#1", "tintindex": 0},
				"west": {"uv": [0, 5.5, 1.25, 6], "texture": "#1", "tintindex": 0},
				"up": {"uv": [7.75, 1.25, 7.5, 0], "texture": "#1", "tintindex": 0},
				"down": {"uv": [2.75, 7.5, 2.5, 8.75], "texture": "#1", "tintindex": 0}
			}
		},
		{
			"from": [5.25, -12, 8],
			"to": [10.25, -4, 8],
			"rotation": {"angle": -22.5, "axis": "z", "origin": [8.25, -6, 8]},
			"faces": {
				"north": {"uv": [1.75, 0, 3, 2], "texture": "#1", "tintindex": 0},
				"east": {"uv": [0, 0, 0, 2], "texture": "#1", "tintindex": 0},
				"south": {"uv": [1.75, 2, 3, 4], "texture": "#1", "tintindex": 0},
				"west": {"uv": [0, 0, 0, 2], "texture": "#1", "tintindex": 0},
				"up": {"uv": [1.25, 0, 0, 0], "texture": "#1", "tintindex": 0},
				"down": {"uv": [1.25, 0, 0, 0], "texture": "#1", "tintindex": 0}
			}
		},
		{
			"from": [5.5, 3.14701, 6.99],
			"to": [10.5, 8.14701, 9.01],
			"rotation": {"angle": 0, "axis": "z", "origin": [8, 5.64701, 7.99]},
			"faces": {
				"north": {"uv": [3, 0, 4.25, 1.25], "texture": "#1", "tintindex": 0},
				"east": {"uv": [6, 1.25, 6.5, 2.5], "texture": "#1", "tintindex": 0},
				"south": {"uv": [3, 1.25, 4.25, 2.5], "texture": "#1", "tintindex": 0},
				"west": {"uv": [1.5, 6, 2, 7.25], "texture": "#1", "tintindex": 0},
				"up": {"uv": [5.5, 6.5, 4.25, 6], "texture": "#1", "tintindex": 0},
				"down": {"uv": [6.75, 6, 5.5, 6.5], "texture": "#1", "tintindex": 0}
			}
		},
		{
			"from": [5.92893, 5.64701, 6.995],
			"to": [9.46447, 9.18254, 9.005],
			"rotation": {"angle": 45, "axis": "z", "origin": [6.96447, 8.14701, 7.995]},
			"faces": {
				"north": {"uv": [3, 2.5, 4, 3.5], "texture": "#1", "tintindex": 0},
				"east": {"uv": [2, 6, 2.5, 7], "texture": "#1", "tintindex": 0},
				"south": {"uv": [0, 3.5, 1, 4.5], "texture": "#1", "tintindex": 0},
				"west": {"uv": [6.5, 0, 7, 1], "texture": "#1", "tintindex": 0},
				"up": {"uv": [7.25, 4.5, 6.25, 4], "texture": "#1", "tintindex": 0},
				"down": {"uv": [7.5, 1, 6.5, 1.5], "texture": "#1", "tintindex": 0}
			}
		},
		{
			"from": [5.42893, 9.14701, 7],
			"to": [8.96447, 12.68254, 9],
			"rotation": {"angle": 45, "axis": "z", "origin": [7.46447, 11.64701, 7]},
			"faces": {
				"north": {"uv": [3, 3.5, 4, 4.5], "texture": "#1", "tintindex": 0},
				"east": {"uv": [6.5, 1.5, 7, 2.5], "texture": "#1", "tintindex": 0},
				"south": {"uv": [1, 4, 2, 5], "texture": "#1", "tintindex": 0},
				"west": {"uv": [2.5, 6.5, 3, 7.5], "texture": "#1", "tintindex": 0},
				"up": {"uv": [4, 7, 3, 6.5], "texture": "#1", "tintindex": 0},
				"down": {"uv": [5, 6.5, 4, 7], "texture": "#1", "tintindex": 0}
			}
		},
		{
			"from": [5.72183, 11.97544, 7.005],
			"to": [9.25736, 15.51097, 8.995],
			"rotation": {"angle": 45, "axis": "z", "origin": [6.75736, 14.47544, 7.005]},
			"faces": {
				"north": {"uv": [2, 4, 3, 5], "texture": "#1", "tintindex": 0},
				"east": {"uv": [6, 6.5, 6.5, 7.5], "texture": "#1", "tintindex": 0},
				"south": {"uv": [4, 2.5, 5, 3.5], "texture": "#1", "tintindex": 0},
				"west": {"uv": [6.5, 6.5, 7, 7.5], "texture": "#1", "tintindex": 0},
				"up": {"uv": [7.5, 5, 6.5, 4.5], "texture": "#1", "tintindex": 0},
				"down": {"uv": [7.75, 2.5, 6.75, 3], "texture": "#1", "tintindex": 0}
			}
		},
		{
			"from": [7.75736, 10.9399, 6.99],
			"to": [10.29289, 14.47544, 9.01],
			"rotation": {"angle": 0, "axis": "y", "origin": [9.52513, 12.70767, 7.99]},
			"faces": {
				"north": {"uv": [4.25, 5, 5, 6], "texture": "#1", "tintindex": 0},
				"east": {"uv": [5, 6.5, 5.5, 7.5], "texture": "#1", "tintindex": 0},
				"south": {"uv": [5, 5, 5.75, 6], "texture": "#1", "tintindex": 0},
				"west": {"uv": [5.5, 6.5, 6, 7.5], "texture": "#1", "tintindex": 0},
				"up": {"uv": [1.75, 4, 1, 3.5], "texture": "#1", "tintindex": 0},
				"down": {"uv": [7.75, 6.5, 7, 7], "texture": "#1", "tintindex": 0}
			}
		},
		{
			"from": [6.44454, 16.14701, 7.01],
			"to": [9.98008, 19.68254, 8.99],
			"rotation": {"angle": -45, "axis": "z", "origin": [7.94454, 18.64701, 7.01]},
			"faces": {
				"north": {"uv": [4, 3.5, 5, 4.5], "texture": "#1", "tintindex": 0},
				"east": {"uv": [6.75, 3, 7.25, 4], "texture": "#1", "tintindex": 0},
				"south": {"uv": [4.25, 0, 5.25, 1], "texture": "#1", "tintindex": 0},
				"west": {"uv": [7, 0, 7.5, 1], "texture": "#1", "tintindex": 0},
				"up": {"uv": [7.75, 6.5, 6.75, 6], "texture": "#1", "tintindex": 0},
				"down": {"uv": [8, 1.5, 7, 2], "texture": "#1", "tintindex": 0}
			}
		},
		{
			"from": [6.15165, 18.97544, 7.015],
			"to": [9.68718, 22.51097, 8.985],
			"rotation": {"angle": -45, "axis": "z", "origin": [8.65165, 21.47544, 7.015]},
			"faces": {
				"north": {"uv": [4.25, 1, 5.25, 2], "texture": "#1", "tintindex": 0},
				"east": {"uv": [2, 7, 2.5, 8], "texture": "#1", "tintindex": 0},
				"south": {"uv": [0, 4.5, 1, 5.5], "texture": "#1", "tintindex": 0},
				"west": {"uv": [3, 7, 3.5, 8], "texture": "#1", "tintindex": 0},
				"up": {"uv": [8, 2.5, 7, 2], "texture": "#1", "tintindex": 0},
				"down": {"uv": [4.5, 7, 3.5, 7.5], "texture": "#1", "tintindex": 0}
			}
		},
		{
			"from": [5.11612, 17.9399, 6.99],
			"to": [7.65165, 21.47544, 9.01],
			"rotation": {"angle": 0, "axis": "y", "origin": [5.88388, 19.70767, 7.99]},
			"faces": {
				"north": {"uv": [5.25, 0, 6, 1], "texture": "#1", "tintindex": 0},
				"east": {"uv": [4.5, 7, 5, 8], "texture": "#1", "tintindex": 0},
				"south": {"uv": [5.25, 1, 6, 2], "texture": "#1", "tintindex": 0},
				"west": {"uv": [7, 5, 7.5, 6], "texture": "#1", "tintindex": 0},
				"up": {"uv": [7.75, 7.5, 7, 7], "texture": "#1", "tintindex": 0},
				"down": {"uv": [0.75, 7.25, 0, 7.75], "texture": "#1", "tintindex": 0}
			}
		},
		{
			"from": [6.61612, 20.51833, 6.75],
			"to": [8.11612, 22.01833, 9.25],
			"rotation": {"angle": 45, "axis": "z", "origin": [7.61612, 21.51833, 7.75]},
			"faces": {
				"north": {"uv": [7.75, 0, 8.25, 0.5], "texture": "#1", "tintindex": 0},
				"east": {"uv": [0.75, 7.25, 1.5, 7.75], "texture": "#1", "tintindex": 0},
				"south": {"uv": [0.5, 7.75, 1, 8.25], "texture": "#1", "tintindex": 0},
				"west": {"uv": [7.25, 3, 8, 3.5], "texture": "#1", "tintindex": 0},
				"up": {"uv": [2, 8, 1.5, 7.25], "texture": "#1", "tintindex": 0},
				"down": {"uv": [7.75, 3.5, 7.25, 4.25], "texture": "#1", "tintindex": 0}
			}
		}
	],
	"gui_light": "front",
	"display": {
		"thirdperson_righthand": {
			"rotation": [0, 90, 0],
			"translation": [0, 5, 1.75],
			"scale": [0.8, 0.8, 0.8]
		},
		"thirdperson_lefthand": {
			"rotation": [0, 90, 0],
			"translation": [0, 5, 1.75],
			"scale": [0.8, 0.8, 0.8]
		},
		"firstperson_righthand": {
			"rotation": [178.62, 70.91, -167.03],
			"translation": [1, 5.5, 0.75],
			"scale": [0.7, 0.7, 0.7]
		},
		"firstperson_lefthand": {
			"rotation": [178.62, 70.91, -167.03],
			"translation": [1, 5.5, 0.75],
			"scale": [0.7, 0.7, 0.7]
		},
		"ground": {
			"rotation": [-40, 0, 0],
			"translation": [0, 9.25, 0]
		},
		"gui": {
			"rotation": [-180, 0, -140],
			"translation": [-0.25, -0.75, 0],
			"scale": [0.7, 0.7, 0.7]
		},
		"fixed": {
			"rotation": [0, 0, 40],
			"scale": [0.8, 0.8, 0.8]
		}
	},
	"groups": [
		{
			"name": "group",
			"origin": [8, -6, 8],
			"color": 0,
			"nbt": "{}",
			"children": [0, 1, 2]
		},
		{
			"name": "group",
			"origin": [10, 2.75, 8],
			"color": 0,
			"nbt": "{}",
			"children": [3, 4, 5, 6, 7]
		},
		8,
		9,
		10,
		{
			"name": "group",
			"origin": [9.52513, 12.70767, 8],
			"color": 0,
			"nbt": "{}",
			"children": [11, 12, 13]
		},
		{
			"name": "group",
			"origin": [10.93414, 12.70767, 8],
			"color": 0,
			"nbt": "{}",
			"children": [14, 15, 16]
		},
		17
	]
}