{
	"credit": "Made with Blockbench",
	"texture_size": [64, 64],
	"textures": {
		"2": "item/video_tape",
		"particle": "item/video_tape"
	},
	"elements": [
		{
			"from": [0, 3, 5],
			"to": [16, 13, 11],
			"rotation": {"angle": 0, "axis": "y", "origin": [14, 3.125, 5]},
			"faces": {
				"north": {"uv": [0, 6, 4, 8.5], "texture": "#2"},
				"east": {"uv": [1.75, 10.25, 3.25, 12.75], "texture": "#2"},
				"south": {"uv": [4, 6, 8, 8.5], "texture": "#2"},
				"west": {"uv": [3.25, 10.25, 4.75, 12.75], "texture": "#2"},
				"up": {"uv": [13, 1.5, 9, 0], "texture": "#2"},
				"down": {"uv": [13, 1.5, 9, 3], "texture": "#2"}
			}
		},
		{
			"from": [11, 6.25, 4.375],
			"to": [14.5, 9.75, 11.625],
			"rotation": {"angle": 0, "axis": "y", "origin": [11.5, 6.25, 3.625]},
			"faces": {
				"north": {"uv": [3.75, 12.75, 4.75, 13.75], "texture": "#2"},
				"east": {"uv": [12, 8, 13.75, 9], "texture": "#2"},
				"south": {"uv": [4.75, 12.75, 5.75, 13.75], "texture": "#2"},
				"west": {"uv": [9, 12, 10.75, 13], "texture": "#2"},
				"up": {"uv": [11.75, 14, 10.75, 12.25], "texture": "#2"},
				"down": {"uv": [12.75, 12.25, 11.75, 14], "texture": "#2"}
			}
		},
		{
			"from": [1.5, 6.25, 4.375],
			"to": [5, 9.75, 11.625],
			"rotation": {"angle": 0, "axis": "y", "origin": [4.5, 6.25, 3.625]},
			"faces": {
				"north": {"uv": [12.75, 9, 13.75, 10], "texture": "#2"},
				"east": {"uv": [12.5, 4, 14.25, 5], "texture": "#2"},
				"south": {"uv": [12.75, 10, 13.75, 11], "texture": "#2"},
				"west": {"uv": [0, 12.75, 1.75, 13.75], "texture": "#2"},
				"up": {"uv": [2.75, 14.5, 1.75, 12.75], "texture": "#2"},
				"down": {"uv": [3.75, 12.75, 2.75, 14.5], "texture": "#2"}
			}
		},
		{
			"from": [-0.01, 2.95, 4.5],
			"to": [0.99, 13.05, 11.5],
			"rotation": {"angle": 0, "axis": "y", "origin": [0, 4.95, 8]},
			"faces": {
				"north": {"uv": [5.75, 12.75, 6, 15.25], "texture": "#2"},
				"east": {"uv": [9, 3, 10.75, 5.5], "texture": "#2"},
				"south": {"uv": [6, 12.75, 6.25, 15.25], "texture": "#2"},
				"west": {"uv": [8, 9.5, 9.75, 12], "texture": "#2"},
				"up": {"uv": [8, 12, 7.75, 10.25], "texture": "#2"},
				"down": {"uv": [13.25, 0.75, 13, 2.5], "texture": "#2"}
			}
		},
		{
			"from": [0, 2.9, 4.55],
			"to": [16, 4.9, 11.45],
			"rotation": {"angle": 0, "axis": "y", "origin": [15.01, 4.95, 8.05]},
			"faces": {
				"north": {"uv": [9, 5.5, 13, 6], "texture": "#2"},
				"east": {"uv": [12.5, 5, 14.25, 5.5], "texture": "#2"},
				"south": {"uv": [11.5, 11.25, 15.5, 11.75], "texture": "#2"},
				"west": {"uv": [12.75, 12.25, 14.5, 12.75], "texture": "#2"},
				"up": {"uv": [12, 7.75, 8, 6], "texture": "#2"},
				"down": {"uv": [12, 7.75, 8, 9.5], "texture": "#2"}
			}
		},
		{
			"from": [0, 11.01, 4.55],
			"to": [16, 13.01, 11.45],
			"rotation": {"angle": 0, "axis": "y", "origin": [15.01, 13.95, 8.05]},
			"faces": {
				"north": {"uv": [11.5, 11.75, 15.5, 12.25], "texture": "#2"},
				"east": {"uv": [12.75, 12.75, 14.5, 13.25], "texture": "#2"},
				"south": {"uv": [12, 6, 16, 6.5], "texture": "#2"},
				"west": {"uv": [13, 0, 14.75, 0.5], "texture": "#2"},
				"up": {"uv": [4, 10.25, 0, 8.5], "texture": "#2"},
				"down": {"uv": [8, 8.5, 4, 10.25], "texture": "#2"}
			}
		},
		{
			"from": [5.5, 5, 4.55],
			"to": [10.5, 11, 11.45],
			"rotation": {"angle": 0, "axis": "y", "origin": [9.51, 9.94, 8.05]},
			"faces": {
				"north": {"uv": [12, 6.5, 13.25, 8], "texture": "#2"},
				"east": {"uv": [10.75, 4, 12.5, 5.5], "texture": "#2"},
				"south": {"uv": [7.75, 12, 9, 13.5], "texture": "#2"},
				"west": {"uv": [4.75, 11.25, 6.5, 12.75], "texture": "#2"},
				"up": {"uv": [7.75, 13, 6.5, 11.25], "texture": "#2"},
				"down": {"uv": [12.75, 9.5, 11.5, 11.25], "texture": "#2"}
			}
		},
		{
			"from": [15.01, 2.95, 4.5],
			"to": [16.01, 13.05, 11.5],
			"rotation": {"angle": 0, "axis": "y", "origin": [16, 4.95, 8]},
			"faces": {
				"north": {"uv": [6.25, 12.75, 6.5, 15.25], "texture": "#2"},
				"east": {"uv": [9.75, 9.5, 11.5, 12], "texture": "#2"},
				"south": {"uv": [6.5, 13, 6.75, 15.5], "texture": "#2"},
				"west": {"uv": [0, 10.25, 1.75, 12.75], "texture": "#2"},
				"up": {"uv": [7, 14.75, 6.75, 13], "texture": "#2"},
				"down": {"uv": [7.25, 13, 7, 14.75], "texture": "#2"}
			}
		},
		{
			"from": [2, 13, 6],
			"to": [14, 13.25, 10],
			"rotation": {"angle": 0, "axis": "y", "origin": [7, 13, 7]},
			"faces": {
				"north": {"uv": [12.75, 11, 15.75, 11.25], "texture": "#2"},
				"east": {"uv": [13, 2.5, 14, 2.75], "texture": "#2"},
				"south": {"uv": [13, 0.5, 16, 0.75], "texture": "#2"},
				"west": {"uv": [13, 2.75, 14, 3], "texture": "#2"},
				"up": {"uv": [7.75, 11.25, 4.75, 10.25], "texture": "#2"},
				"down": {"uv": [13.75, 3, 10.75, 4], "texture": "#2"}
			}
		},
		{
			"from": [2, 13.5, 6],
			"to": [14, 13.5, 10],
			"rotation": {"angle": 0, "axis": "y", "origin": [2, 13.5, 6]},
			"faces": {
				"north": {"uv": [0, 0, 9, 0], "texture": "#2"},
				"east": {"uv": [0, 0, 3, 0], "texture": "#2"},
				"south": {"uv": [0, 0, 9, 0], "texture": "#2"},
				"west": {"uv": [0, 0, 3, 0], "texture": "#2"},
				"up": {"uv": [9, 3, 0, 0], "texture": "#2"},
				"down": {"uv": [9, 3, 0, 6], "texture": "#2"}
			}
		}
	],
	"display": {
		"thirdperson_righthand": {
			"rotation": [25.25, 0, 0],
			"translation": [0, -0.5, -0.25],
			"scale": [0.3, 0.3, 0.3]
		},
		"thirdperson_lefthand": {
			"rotation": [25.25, 0, 0],
			"translation": [0, -0.5, -0.25],
			"scale": [0.3, 0.3, 0.3]
		},
		"firstperson_righthand": {
			"rotation": [-153.35, 1.43, 170.96],
			"translation": [-2.5, -0.5, 0],
			"scale": [0.8, 0.8, 0.8]
		},
		"firstperson_lefthand": {
			"rotation": [-153.35, 1.43, 170.96],
			"translation": [-2.5, -0.5, 0],
			"scale": [0.8, 0.8, 0.8]
		},
		"ground": {
			"translation": [0, -0.75, 0],
			"scale": [0.5, 0.5, 0.5]
		},
		"gui": {
			"rotation": [-145.06, -18.58, 172.75],
			"scale": [0.8, 0.8, 0.8]
		},
		"fixed": {
			"rotation": [-155.9, 9.7, 25.76]
		}
	}
}