{
  "parent": "minecraft:item/generated",
  "textures": {
    "layer0": "minecraft:item/paper"
  },
	"overrides" :[
		{"predicate":{"custom_model_data":1},"model":"power_remnent/1"},
    {"predicate":{"custom_model_data":2},"model":"power_remnent/2"},
    {"predicate":{"custom_model_data":3},"model":"power_remnent/3"},
    {"predicate":{"custom_model_data":4},"model":"soul_charge"},
    {"predicate":{"custom_model_data":5},"model":"video_tape"},
    {"predicate":{"custom_model_data":6},"model":"rc_pickaxe/1"},
    {"predicate":{"custom_model_data":7},"model":"rc_pickaxe/2"}
	]
}